,Police_Force,Local_Authority__District_,1st_Road_Class,1st_Road_Number,Speed_limit,2nd_Road_Class,2nd_Road_Number,Year,Hour,Road_Type_One_way_street,Road_Type_Roundabout,Road_Type_Single_carriageway,Road_Type_Slip_road,Road_Type_Unknown,Junction_Control_Automatic_traffic_signal,Junction_Control_Giveway_or_uncontrolled,Junction_Control_Stop_Sign,Junction_Control_Unknown,Pedestrian_Crossing_Human_Control_Control_by_school_crossing_patrol,Pedestrian_Crossing_Human_Control_None_within_50_metres,Pedestrian_Crossing_Physical_Facilities_Footbridge_or_subway,Pedestrian_Crossing_Physical_Facilities_No_physical_crossing_within_50_meters,Pedestrian_Crossing_Physical_Facilities_Pedestrian_phase_at_traffic_signal_junction,Pedestrian_Crossing_Physical_Facilities_Zebra_crossing,Pedestrian_Crossing_Physical_Facilities_non_junction_pedestrian_crossing,Light_Conditions_Darkness__Street_lighting_unknown,Light_Conditions_Darkness__Street_lights_present_and_lit,Light_Conditions_Darkness__Street_lights_present_but_unlit,Light_Conditions_Daylight__Street_light_present,Weather_Conditions_Fine_without_high_winds,Weather_Conditions_Fog_or_mist,Weather_Conditions_Other,Weather_Conditions_Raining_with_high_winds,Weather_Conditions_Raining_without_high_winds,Weather_Conditions_Snowing_with_high_winds,Weather_Conditions_Snowing_without_high_winds,Weather_Conditions_Unknown,Road_Surface_Conditions_Flood__Over_3cm_of_water_,Road_Surface_Conditions_Frost_Ice,Road_Surface_Conditions_Snow,Road_Surface_Conditions_Unknown,Road_Surface_Conditions_Wet_Damp,day_name_Monday,day_name_Saturday,day_name_Sunday,day_name_Thursday,day_name_Tuesday,day_name_Wednesday,month_name_August,month_name_December,month_name_February,month_name_January,month_name_July,month_name_June,month_name_March,month_name_May,month_name_November,month_name_October,month_name_September,season_Spring,season_Summer,season_Winter,Urban_or_Rural_Area_2,NEW_Is_Weekend_1,NEW_Late_Night_1,NEW_Is_Rural_1,NEW_Is_Dark_1,NEW_Bad_Weather_1,NEW_Bad_Road_Surface_1,NEW_Environmental_Risk_1,NEW_No_Street_Lighting_1,NEW_Junction_Uncontrolled_1,NEW_Ped_Risk_Proxy_1,NEW_Speed_Road_Mismatch_1,y_true,y_prob
912045,52.0,607,4.0,3140,30,6.0,0,2014.0,17.0,False,False,True,False,False,False,True,False,False,False,True,False,True,False,False,False,False,True,False,False,False,False,False,False,True,False,False,False,False,False,False,False,True,False,False,False,False,True,False,False,False,False,True,False,False,False,False,False,False,False,False,False,True,False,False,False,False,True,False,True,True,False,True,True,False,1,0.19935985288346358
88606,33.0,360,6.0,4105,30,-1.0,0,2009.0,19.0,False,False,True,False,False,False,False,False,True,False,True,False,True,False,False,False,False,False,False,True,True,False,False,False,False,False,False,False,False,False,False,False,False,False,False,False,False,False,False,False,False,False,False,False,False,False,False,False,False,False,True,False,False,False,False,False,False,False,False,False,False,False,False,True,False,1,0.19916726846746424
254511,36.0,404,4.0,1108,30,6.0,0,2010.0,15.0,False,False,True,False,False,False,True,False,False,False,True,False,False,False,False,True,False,False,False,True,True,False,False,False,False,False,False,False,False,False,False,False,True,True,False,False,False,False,False,False,False,False,False,False,False,False,False,False,False,True,False,False,False,False,False,False,False,False,False,True,True,False,True,False,False,1,0.19905308357550952
15732,1.0,15,6.0,0,30,3.0,12,2009.0,8.0,False,False,True,False,False,False,True,False,False,False,True,False,True,False,False,False,False,False,False,True,True,False,False,False,False,False,False,False,False,False,False,False,False,False,False,False,False,False,False,False,False,False,False,False,False,True,False,False,False,False,True,False,False,False,False,False,False,False,False,False,False,False,True,True,False,1,0.1988026369710616
826480,7.0,128,4.0,5156,30,6.0,0,2014.0,15.0,False,False,True,False,False,False,True,False,False,False,True,False,True,False,False,False,False,False,False,True,True,False,False,False,False,False,False,False,False,False,False,False,False,False,False,False,False,False,True,False,False,False,False,False,False,True,False,False,False,False,True,False,False,False,False,False,False,False,False,False,False,False,True,True,False,1,0.19814114572516872
333871,1.0,12,3.0,3220,30,3.0,1540,2011.0,23.0,False,False,True,False,False,True,False,False,False,False,True,False,False,True,False,False,False,True,False,False,True,False,False,False,False,False,False,False,False,False,False,False,True,False,False,True,False,False,False,True,False,False,False,False,False,False,False,False,False,False,False,True,False,False,True,False,False,True,False,True,True,False,False,False,False,1,0.19751338524175407
335650,1.0,10,3.0,3205,30,6.0,0,2011.0,18.0,False,False,True,False,False,False,True,False,False,False,True,False,True,False,False,False,False,False,False,True,True,False,False,False,False,False,False,False,False,False,False,False,False,True,False,False,False,False,False,False,False,False,False,False,False,False,True,False,False,False,True,False,False,False,False,False,False,False,False,False,False,False,True,True,False,1,0.1972213446359729
857167,22.0,286,3.0,49,30,4.0,1540,2014.0,7.0,False,False,True,False,False,True,False,False,False,False,True,False,False,True,False,False,False,True,False,False,False,False,False,False,True,False,False,False,False,False,False,False,True,True,False,False,False,False,False,False,False,False,False,False,False,False,False,True,False,False,False,False,False,True,False,False,True,True,False,True,True,False,False,False,False,1,0.19702621341353552
788616,48.0,570,5.0,0,30,3.0,201,2014.0,10.0,False,False,True,False,False,True,False,False,False,False,True,False,False,True,False,False,False,False,False,True,True,False,False,False,False,False,False,False,False,False,False,False,False,False,False,False,True,False,False,False,False,False,False,False,False,False,False,False,False,False,True,False,False,False,False,False,False,False,False,False,False,False,False,False,False,1,0.19674418666129453
159169,97.0,926,3.0,89,30,-1.0,0,2009.0,15.0,False,False,True,False,False,False,False,False,True,False,True,False,True,False,False,False,False,False,False,True,True,False,False,False,False,False,False,False,False,False,False,False,False,False,False,False,True,False,False,False,False,False,False,False,False,False,False,False,True,False,False,False,False,False,False,False,False,False,False,False,False,False,False,True,False,1,0.19656329646135154
841973,14.0,213,3.0,6021,30,-1.0,0,2014.0,13.0,False,False,True,False,False,False,False,False,True,False,True,False,True,False,False,False,False,False,False,True,True,False,False,False,False,False,False,False,False,False,False,False,False,False,False,False,False,True,False,False,False,False,False,False,False,False,False,True,False,False,False,False,False,False,False,False,False,False,False,False,False,False,False,True,False,1,0.19621182265503356
677892,5.0,93,3.0,565,30,3.0,1540,2013.0,7.0,False,False,True,False,False,False,True,False,False,False,True,False,True,False,False,False,False,False,False,True,True,False,False,False,False,False,False,False,False,False,False,False,False,False,False,False,False,False,False,False,False,False,False,False,False,False,False,False,False,False,True,False,False,False,False,False,False,False,False,False,False,False,True,True,False,1,0.19607097583785335
486451,1.0,32,3.0,111,30,6.0,0,2012.0,13.0,False,False,True,False,False,False,True,False,False,False,True,False,True,False,False,False,False,False,False,True,True,False,False,False,False,False,False,False,False,False,False,False,False,True,False,False,False,False,False,False,False,False,False,False,False,True,False,False,False,False,True,False,False,False,False,False,False,False,False,False,False,False,True,True,False,1,0.19509162824316664
520595,1.0,32,3.0,111,30,6.0,0,2012.0,13.0,False,False,True,False,False,False,True,False,False,False,True,False,True,False,False,False,False,False,False,True,True,False,False,False,False,False,False,False,False,False,False,False,False,True,False,False,False,False,False,False,False,False,False,False,False,True,False,False,False,False,True,False,False,False,False,False,False,False,False,False,False,False,True,True,False,1,0.19509162824316664
425447,44.0,495,6.0,0,30,6.0,0,2011.0,21.0,False,False,True,False,False,False,True,False,False,False,True,False,True,False,False,False,False,True,False,False,True,False,False,False,False,False,False,False,False,False,False,False,False,False,False,False,False,False,False,False,False,False,False,True,False,False,False,False,False,False,False,True,False,False,False,False,False,True,False,False,True,False,True,True,False,1,0.1931502018081906
207644,10.0,139,4.0,1328,30,4.0,1327,2010.0,15.0,False,False,True,False,False,True,False,False,False,False,True,False,False,True,False,False,False,False,False,True,True,False,False,False,False,False,False,False,False,False,False,False,False,False,True,False,False,False,False,False,False,False,False,False,False,False,False,False,True,False,False,False,False,False,True,False,False,False,False,False,False,False,False,False,False,1,0.19271890921560555
335665,1.0,11,3.0,4,30,4.0,317,2011.0,13.0,False,False,False,False,False,True,False,False,False,False,True,False,False,True,False,False,False,False,False,True,True,False,False,False,False,False,False,False,False,False,False,False,False,True,False,False,False,False,False,False,False,False,False,False,True,False,False,False,False,False,False,True,False,False,False,False,False,False,False,False,False,False,False,False,False,1,0.1923395253878362
761265,47.0,560,3.0,2004,30,6.0,0,2013.0,15.0,False,False,True,False,False,True,False,False,False,False,True,False,False,False,False,True,False,False,False,True,True,False,False,False,False,False,False,False,False,False,False,False,False,False,True,False,False,False,False,False,False,False,False,False,False,False,False,True,False,False,False,False,False,False,True,False,False,False,False,False,False,False,False,False,False,1,0.19218165269231613
745503,44.0,499,6.0,0,40,-1.0,0,2013.0,6.0,False,False,True,False,False,False,False,False,True,False,True,False,True,False,False,False,False,False,False,True,False,False,False,False,False,False,True,False,False,False,True,False,False,False,True,False,False,False,False,False,False,False,False,False,False,True,False,False,False,False,True,False,False,True,True,False,True,False,True,True,True,False,False,False,False,1,0.19125978875723154
205493,10.0,146,3.0,1,70,3.0,1,2010.0,9.0,False,False,False,False,False,False,True,False,False,False,True,False,True,False,False,False,False,False,False,True,True,False,False,False,False,False,False,False,False,False,False,False,False,False,False,False,True,False,False,False,False,True,False,False,False,False,False,False,False,False,False,False,True,False,False,False,False,False,False,False,False,False,True,True,False,1,0.19007666829999548
695485,13.0,204,3.0,6120,40,6.0,0,2013.0,21.0,False,False,False,False,False,True,False,False,False,False,True,False,True,False,False,False,False,False,False,True,True,False,False,False,False,False,False,False,False,False,False,False,False,True,False,False,False,False,False,False,False,False,False,True,False,False,False,False,False,False,False,True,False,False,False,False,False,False,False,False,False,False,False,True,False,1,0.18929753640571517
19066,1.0,10,3.0,3,30,6.0,0,2009.0,13.0,False,False,True,False,False,False,True,False,False,False,True,False,True,False,False,False,False,False,False,True,True,False,False,False,False,False,False,False,False,False,False,False,False,False,False,False,False,True,False,False,False,True,False,False,False,False,False,False,False,False,False,False,True,False,False,False,False,False,False,False,False,False,True,True,False,1,0.18926034584030327
837207,13.0,200,4.0,6380,30,6.0,0,2014.0,8.0,False,False,True,False,False,False,True,False,False,False,True,False,True,False,False,False,False,False,False,True,True,False,False,False,False,False,False,False,False,False,False,False,False,False,False,False,True,False,False,False,False,False,False,False,True,False,False,False,False,False,False,True,False,False,False,False,False,False,False,False,False,False,True,True,False,1,0.18894710516475938
199530,6.0,100,3.0,6,30,4.0,1540,2010.0,14.0,False,False,True,False,False,True,False,False,False,False,True,False,False,True,False,False,False,False,False,True,True,False,False,False,False,False,False,False,False,False,False,False,False,False,True,False,False,False,False,False,False,False,False,False,False,False,False,False,False,True,False,False,False,True,True,False,True,False,False,False,False,False,False,False,False,1,0.18846242490246665
752469,45.0,517,4.0,3005,30,6.0,0,2013.0,12.0,False,False,True,False,False,False,True,False,False,False,True,False,True,False,False,False,False,False,False,True,True,False,False,False,False,False,False,False,False,False,False,False,False,False,False,True,False,False,False,False,True,False,False,False,False,False,False,False,False,False,False,False,True,False,True,False,False,False,False,False,False,False,True,True,False,1,0.18792315128205017
440804,50.0,596,4.0,3300,30,-1.0,0,2011.0,0.0,False,False,True,False,False,False,False,False,True,False,True,False,True,False,False,False,False,False,False,False,False,False,False,False,True,False,False,False,False,False,False,False,True,False,True,False,False,False,False,False,False,True,False,False,False,False,False,False,False,False,False,False,True,True,True,True,True,True,False,True,True,True,False,False,False,1,0.18786980939728576
900902,46.0,532,3.0,296,30,6.0,0,2014.0,8.0,False,False,True,False,False,False,True,False,False,False,True,False,False,False,False,False,False,False,False,True,True,False,False,False,False,False,False,False,False,False,False,False,False,False,False,False,False,True,False,False,False,False,False,True,False,False,False,False,False,False,False,True,False,False,False,False,False,False,False,False,False,False,True,False,False,1,0.1870662112082707
378737,20.0,307,3.0,4038,30,6.0,0,2011.0,6.0,False,True,False,False,False,False,True,False,False,False,True,False,True,False,False,False,False,False,False,True,True,False,False,False,False,False,False,False,False,False,False,False,False,False,False,False,True,False,False,False,False,False,False,False,True,False,False,False,False,False,False,True,False,False,False,False,False,False,False,False,False,False,True,True,False,1,0.18700929042504544
209297,11.0,169,4.0,6168,30,-1.0,0,2010.0,17.0,False,False,True,False,False,False,False,False,True,False,False,False,False,False,True,False,False,True,False,False,True,False,False,False,False,False,False,False,False,False,False,False,False,False,False,False,False,False,True,False,False,False,False,False,False,False,False,True,False,False,False,False,False,False,False,False,False,True,False,False,True,False,False,False,False,1,0.18601428181639637
296191,52.0,605,6.0,0,30,6.0,0,2010.0,15.0,False,False,True,False,False,False,True,False,False,False,True,False,True,False,False,False,False,False,False,True,True,False,False,False,False,False,False,False,False,False,False,False,False,True,False,False,False,False,False,False,False,False,False,False,False,False,False,True,False,False,False,False,False,False,False,False,False,False,False,False,False,False,True,True,False,1,0.18554405001983754
889729,43.0,471,3.0,329,30,6.0,1540,2014.0,21.0,False,False,True,False,False,False,True,False,False,False,True,False,True,False,False,False,False,True,False,False,True,False,False,False,False,False,False,False,False,False,False,False,False,False,False,False,True,False,False,False,False,True,False,False,False,False,False,False,False,False,False,False,True,False,False,False,False,True,False,False,True,False,True,True,False,1,0.18385533945462057
665002,1.0,20,4.0,266,30,3.0,212,2013.0,14.0,False,False,True,False,False,False,True,False,False,False,True,False,False,False,True,False,False,False,False,True,True,False,False,False,False,False,False,False,False,False,False,False,False,False,False,False,False,True,False,False,False,False,False,False,False,True,False,False,False,False,True,False,False,False,False,False,False,False,False,False,False,False,True,False,False,1,0.18241403297279882
96982,37.0,413,6.0,9999,30,-1.0,0,2009.0,22.0,False,False,True,False,False,False,False,False,True,False,True,False,True,False,False,False,False,True,False,False,True,False,False,False,False,False,False,False,False,False,False,False,False,False,False,False,False,False,False,False,False,False,False,False,False,False,True,False,False,False,True,False,False,True,False,False,True,True,False,False,True,False,False,False,False,1,0.18231002697391333
762377,50.0,596,3.0,38,40,3.0,388,2013.0,7.0,False,True,False,False,False,False,True,False,False,False,True,False,True,False,False,False,False,False,False,True,True,False,False,False,False,False,False,False,False,False,False,False,False,True,False,False,False,False,False,False,False,False,False,False,True,False,False,False,False,False,False,True,False,False,False,False,False,False,False,False,False,False,True,True,False,1,0.18212660940803108
710187,21.0,255,6.0,15,30,3.0,518,2013.0,11.0,False,False,True,False,False,False,True,False,False,False,True,False,True,False,False,False,False,False,False,True,True,False,False,False,False,False,False,False,False,False,False,False,False,False,False,True,False,False,False,False,False,False,False,False,False,False,True,False,False,False,True,False,False,False,True,False,False,False,False,False,False,False,True,True,False,1,0.18155124112355764
569540,21.0,257,5.0,603,30,6.0,19,2012.0,11.0,False,False,True,False,False,False,True,False,False,False,True,False,True,False,False,False,False,False,False,True,False,False,False,False,True,False,False,False,False,False,False,False,True,True,False,False,False,False,False,False,True,False,False,False,False,False,False,False,False,False,False,False,True,False,False,False,False,False,False,True,True,False,True,True,False,1,0.18122222341557287
344864,4.0,85,4.0,5267,30,6.0,0,2011.0,17.0,False,False,True,False,False,False,True,False,False,False,True,False,True,False,False,False,False,False,False,True,True,False,False,False,False,False,False,False,False,False,False,False,False,True,False,False,False,False,False,True,False,False,False,False,False,False,False,False,False,False,False,True,False,False,False,False,False,False,False,False,False,False,True,True,False,1,0.18007520083032585
207964,10.0,147,3.0,189,30,3.0,186,2010.0,16.0,False,False,False,False,False,False,True,False,False,False,True,False,False,False,False,False,False,False,False,True,True,False,False,False,False,False,False,False,False,False,False,False,False,False,False,False,True,False,False,False,False,False,False,False,False,False,False,False,True,False,False,False,False,False,False,False,False,False,False,False,False,False,True,False,False,1,0.17956279579278808
203928,7.0,130,4.0,5074,30,6.0,0,2010.0,17.0,False,False,True,False,False,False,True,False,False,False,True,False,False,False,False,True,False,False,False,True,True,False,False,False,False,False,False,False,False,False,False,False,False,False,False,False,False,False,True,False,False,False,False,False,False,False,False,False,False,True,False,False,False,False,False,False,False,False,False,False,False,False,True,False,False,1,0.17952678213490364
147857,62.0,743,3.0,4107,60,4.0,1540,2009.0,23.0,False,False,True,False,False,False,True,False,False,False,True,False,True,False,False,False,False,False,True,False,True,False,False,False,False,False,False,False,False,False,False,False,True,False,False,False,False,False,False,False,False,True,False,False,False,False,False,False,False,False,False,False,True,True,False,False,True,True,False,True,True,False,True,False,True,1,0.17931870571593644
646085,97.0,926,3.0,761,30,6.0,0,2012.0,10.0,False,False,False,False,False,False,True,False,False,False,True,False,True,False,False,False,False,False,False,True,True,False,False,False,False,False,False,False,False,False,False,False,False,True,False,False,False,False,False,False,False,False,False,False,False,False,True,False,False,False,True,False,False,False,False,False,False,False,False,False,False,False,True,True,False,1,0.1791310605058635
15574,1.0,27,6.0,0,30,6.0,0,2009.0,16.0,False,False,True,False,False,False,True,False,False,False,True,False,True,False,False,False,False,False,False,True,True,False,False,False,False,False,False,False,False,False,False,False,False,True,False,False,False,False,False,False,False,False,False,False,True,False,False,False,False,False,False,True,False,False,False,False,False,False,False,False,False,False,True,True,False,1,0.17899844311660368
742189,43.0,474,3.0,308,30,6.0,1540,2013.0,6.0,False,False,True,False,False,False,True,False,False,False,True,False,True,False,False,False,False,False,False,True,False,False,False,False,True,False,False,False,False,False,False,False,True,False,False,False,False,False,False,True,False,False,False,False,False,False,False,False,False,False,False,True,False,False,False,False,False,False,False,True,True,False,True,True,False,1,0.1787565079677149
465801,97.0,926,3.0,82,30,6.0,0,2011.0,17.0,False,False,False,False,False,True,False,False,False,False,True,False,False,True,False,False,False,False,False,True,True,False,False,False,False,False,False,False,False,False,False,False,False,False,False,False,False,False,False,False,False,False,False,False,False,False,False,False,False,False,True,False,False,False,False,False,False,False,False,False,False,False,False,False,False,1,0.17859130678868188
44832,10.0,147,5.0,103,30,-1.0,0,2009.0,14.0,False,False,True,False,False,False,False,False,True,False,True,False,True,False,False,False,False,False,False,True,True,False,False,False,False,False,False,False,False,False,False,False,True,True,False,False,False,False,False,True,False,False,False,False,False,False,False,False,False,False,False,True,False,False,False,False,False,False,False,True,True,False,False,True,False,1,0.17821603435246416
71661,21.0,258,4.0,5493,30,6.0,6,2009.0,12.0,False,False,True,False,False,False,True,False,False,False,True,False,True,False,False,False,False,False,False,True,True,False,False,False,False,False,False,False,False,False,False,False,False,False,False,False,False,True,False,False,False,True,False,False,False,False,False,False,False,False,False,False,True,False,False,False,False,False,False,False,False,False,True,True,False,1,0.17713176862892116
928381,95.0,923,6.0,0,30,6.0,0,2014.0,16.0,False,False,True,False,False,False,True,False,False,False,True,False,True,False,False,False,False,False,False,True,True,False,False,False,False,False,False,False,False,False,False,False,False,True,False,False,False,False,False,False,False,False,False,False,False,False,True,False,False,False,True,False,False,False,False,False,False,False,False,False,False,False,True,True,False,1,0.1761837010366017
769612,53.0,625,4.0,4063,30,-1.0,0,2013.0,10.0,False,False,True,False,False,False,False,False,True,False,True,False,False,False,True,False,False,False,False,True,True,False,False,False,False,False,False,False,False,False,False,False,True,False,False,False,False,True,False,False,False,False,False,False,False,False,False,True,False,False,False,False,False,False,False,False,False,False,False,True,True,False,False,False,False,1,0.17500396723461922
267777,43.0,485,6.0,185,30,-1.0,0,2010.0,18.0,False,False,True,False,False,False,False,False,True,False,True,False,True,False,False,False,False,False,False,True,False,False,False,False,False,False,False,False,False,False,False,False,False,False,False,True,False,False,False,True,False,False,False,False,False,False,False,False,False,False,False,True,False,True,True,False,True,False,False,False,False,False,False,False,False,1,0.17320041094460356
825056,6.0,106,3.0,58,30,6.0,0,2014.0,19.0,False,False,True,False,False,False,True,False,False,False,True,False,True,False,False,False,False,True,False,False,False,False,False,False,True,False,False,False,False,False,False,False,True,False,False,False,False,False,True,False,False,False,True,False,False,False,False,False,False,False,False,False,True,False,False,False,False,True,False,True,True,False,True,True,False,1,0.1729466892608122
44453,10.0,139,4.0,6318,60,-1.0,0,2009.0,16.0,False,False,True,False,False,False,False,False,True,False,True,False,True,False,False,False,False,False,False,True,False,False,False,False,True,False,False,False,True,False,False,False,False,False,False,False,False,False,False,False,False,False,False,True,False,False,False,False,False,False,False,True,False,True,False,False,True,False,False,True,True,False,False,False,True,1,0.1722175214339571
8258,1.0,17,3.0,124,30,6.0,0,2009.0,17.0,False,False,True,False,False,False,True,False,False,False,True,False,True,False,False,False,False,True,False,False,True,False,False,False,False,False,False,False,False,False,False,False,True,False,False,False,False,True,False,False,False,False,True,False,False,False,False,False,False,False,False,False,True,False,False,False,False,True,False,True,True,False,True,True,False,1,0.1719415103084775
621477,47.0,565,6.0,0,30,6.0,0,2012.0,20.0,False,False,True,False,False,False,True,False,False,False,True,False,True,False,False,False,False,True,False,False,True,False,False,False,False,False,False,False,False,True,False,False,False,False,False,False,False,True,False,False,True,False,False,False,False,False,False,False,False,False,False,False,True,True,False,False,True,True,False,True,True,False,True,False,False,1,0.17126896415818638
210199,12.0,189,3.0,19,30,6.0,0,2010.0,21.0,False,False,True,False,False,True,False,False,False,False,True,False,False,True,False,False,False,True,False,False,True,False,False,False,False,False,False,False,False,False,False,False,True,False,False,False,True,False,False,False,False,False,True,False,False,False,False,False,False,False,False,False,True,False,False,False,False,True,False,True,True,False,False,False,False,1,0.17113615266311086
774249,60.0,723,6.0,0,30,6.0,0,2013.0,8.0,False,False,True,False,False,False,True,False,False,False,True,False,True,False,False,False,False,False,False,True,False,False,False,False,True,False,False,False,False,False,False,False,True,False,False,False,False,False,True,False,False,False,False,False,False,False,False,True,False,False,False,False,False,True,False,False,True,False,False,True,True,False,True,False,False,1,0.17090836388069605
269467,43.0,479,5.0,140,30,6.0,1129,2010.0,16.0,False,False,True,False,False,False,True,False,False,False,True,False,True,False,False,False,False,False,False,True,True,False,False,False,False,False,False,False,False,False,False,False,False,True,False,False,False,False,False,False,False,False,False,False,False,False,True,False,False,False,True,False,False,False,False,False,False,False,False,False,False,False,True,True,False,1,0.17080843539000676
705506,20.0,305,6.0,0,30,-1.0,0,2013.0,16.0,False,False,True,False,False,False,False,False,True,False,True,False,True,False,False,False,False,False,False,True,False,False,False,False,False,False,False,True,False,False,False,False,False,True,False,False,False,False,False,False,False,False,False,False,False,False,False,True,False,False,False,False,False,False,False,False,False,False,False,False,False,False,False,True,False,1,0.17080535453011705
849314,20.0,302,3.0,4600,40,4.0,1540,2014.0,23.0,False,False,False,False,False,True,False,False,False,False,True,False,False,True,False,False,False,True,False,False,True,False,False,False,False,False,False,False,False,False,False,False,False,False,True,False,False,False,False,False,False,True,False,False,False,False,False,False,False,False,False,False,True,False,True,False,False,True,False,False,True,False,False,False,False,1,0.17071971289597127
558700,16.0,233,4.0,1219,30,6.0,0,2012.0,8.0,False,False,True,False,False,False,True,False,False,False,True,False,True,False,False,False,False,False,False,True,True,False,False,False,False,False,False,False,False,False,False,False,False,False,False,False,False,False,False,False,False,False,False,False,False,False,False,True,False,False,False,False,False,True,False,False,True,False,False,False,False,False,True,False,False,1,0.16936999068733496
572056,22.0,284,3.0,442,60,3.0,442,2012.0,17.0,False,False,False,False,False,False,True,False,False,False,True,False,True,False,False,False,False,True,False,False,True,False,False,False,False,False,False,False,False,False,False,False,False,False,False,False,False,False,False,False,False,False,False,False,False,False,False,True,False,False,False,False,False,False,False,False,False,True,False,False,True,False,True,True,False,1,0.16925549149224514
825572,6.0,104,3.0,6104,40,6.0,0,2014.0,14.0,False,False,False,False,False,False,True,False,False,False,True,False,False,False,False,True,False,False,False,True,False,False,False,False,False,False,False,True,False,False,False,False,False,False,True,False,False,False,False,True,False,False,False,False,False,False,False,False,False,False,False,True,False,False,True,False,False,False,False,False,False,False,True,False,False,1,0.16914307302459555
640887,92.0,910,3.0,90,40,6.0,0,2012.0,18.0,False,True,False,False,False,False,True,False,False,False,True,False,False,False,False,True,False,True,False,False,True,False,False,False,False,False,False,False,False,False,False,False,True,False,False,False,False,True,False,False,False,False,False,False,False,False,False,True,False,False,False,False,False,False,False,False,False,True,False,True,True,False,True,False,False,1,0.16837502683790334
335615,1.0,9,3.0,215,30,6.0,0,2011.0,18.0,False,False,True,False,False,False,True,False,False,False,True,False,True,False,False,False,False,False,False,True,True,False,False,False,False,False,False,False,False,False,False,False,False,False,False,False,True,False,False,False,False,False,False,False,False,True,False,False,False,False,True,False,False,False,False,False,False,False,False,False,False,False,True,True,False,1,0.16818113367188003
139395,52.0,601,6.0,0,30,6.0,0,2009.0,17.0,False,False,True,False,False,False,True,False,False,False,True,False,True,False,False,False,False,False,False,True,True,False,False,False,False,False,False,False,False,False,False,False,False,False,True,False,False,False,False,False,False,False,False,False,False,False,False,False,True,False,False,False,False,False,True,False,False,False,False,False,False,False,True,True,False,1,0.16715377718353708
180440,1.0,14,3.0,11,30,6.0,0,2010.0,19.0,False,False,True,False,False,False,True,False,False,False,True,False,True,False,False,False,False,True,False,False,True,False,False,False,False,False,False,False,False,False,False,False,False,True,False,False,False,False,False,False,False,False,True,False,False,False,False,False,False,False,False,False,True,False,False,False,False,True,False,False,True,False,True,True,False,1,0.16710571649453354
356287,7.0,124,3.0,557,60,6.0,0,2011.0,16.0,False,False,False,True,False,False,True,False,False,False,True,False,True,False,False,False,False,False,False,True,True,False,False,False,False,False,False,False,False,False,False,False,False,False,False,True,False,False,False,False,False,True,False,False,False,False,False,False,False,False,False,False,True,False,True,False,False,False,False,False,False,False,True,True,False,1,0.16635127748988077
277390,45.0,513,5.0,64,30,5.0,64,2010.0,12.0,False,False,True,False,False,True,False,False,False,False,True,False,False,False,False,True,False,False,False,True,True,False,False,False,False,False,False,False,False,False,False,False,True,False,False,False,True,False,False,False,False,False,False,False,False,False,False,False,False,True,False,False,False,False,False,False,False,False,False,True,True,False,False,False,False,1,0.16623749575264954
16293,1.0,6,3.0,209,30,6.0,0,2009.0,18.0,False,False,True,False,False,False,True,False,False,False,True,False,True,False,False,False,False,True,False,False,True,False,False,False,False,False,False,False,False,True,False,False,False,False,False,False,False,False,False,False,True,False,False,False,False,False,False,False,False,False,False,False,True,False,False,False,False,True,False,True,True,False,True,True,False,1,0.16500400441620164
680624,6.0,102,3.0,5103,30,2.0,57,2013.0,15.0,False,False,True,False,False,False,True,False,False,False,True,False,False,False,False,True,False,False,False,True,True,False,False,False,False,False,False,False,False,False,False,False,False,False,True,False,False,False,False,True,False,False,False,False,False,False,False,False,False,False,False,True,False,False,True,False,False,False,False,False,False,False,True,False,False,1,0.1642322779649266
273395,44.0,498,3.0,288,30,6.0,0,2010.0,13.0,False,True,False,False,False,False,True,False,False,False,True,False,True,False,False,False,False,False,False,True,True,False,False,False,False,False,False,False,False,False,False,False,False,False,True,False,False,False,False,False,False,False,False,True,False,False,False,False,False,False,False,True,False,True,True,False,True,False,False,False,False,False,True,False,False,1,0.16082899101539416
16456,1.0,10,5.0,0,30,6.0,0,2009.0,19.0,False,False,True,False,False,False,True,False,False,False,True,False,True,False,False,False,False,True,False,False,True,False,False,False,False,False,False,False,False,True,False,False,False,False,False,False,False,True,False,False,True,False,False,False,False,False,False,False,False,False,False,False,True,False,False,False,False,True,False,True,True,False,True,True,False,1,0.16050097751002562
334485,1.0,20,4.0,243,30,6.0,0,2011.0,19.0,False,False,True,False,False,False,True,False,False,False,True,False,True,False,False,False,False,True,False,False,True,False,False,False,False,False,False,False,False,False,False,False,False,False,False,False,False,False,False,False,False,True,False,False,False,False,False,False,False,False,False,False,True,False,False,False,False,True,False,False,True,False,True,True,False,1,0.15935149502447668
24236,3.0,63,6.0,4303,30,6.0,1540,2009.0,15.0,False,False,True,False,False,False,True,False,False,False,True,False,True,False,False,False,False,False,False,True,True,False,False,False,False,False,False,False,False,False,False,False,False,False,False,False,False,False,True,False,False,False,False,False,False,False,False,False,False,True,False,False,False,False,False,False,False,False,False,False,False,False,True,True,False,1,0.1590921317301738
643491,95.0,940,6.0,0,30,-1.0,0,2012.0,8.0,False,False,True,False,False,False,False,False,True,False,True,False,True,False,False,False,False,False,False,True,True,False,False,False,False,False,False,False,False,False,False,False,False,False,False,True,False,False,False,True,False,False,False,False,False,False,False,False,False,False,False,True,False,False,True,False,False,False,False,False,False,False,False,True,False,1,0.15906905965083112
650035,48.0,570,3.0,1211,30,3.0,1211,2013.0,7.0,True,False,False,False,False,True,False,False,False,False,True,False,False,True,False,False,False,False,False,True,True,False,False,False,False,False,False,False,False,False,False,False,False,False,False,True,False,False,False,False,False,False,False,False,False,False,False,False,False,True,False,False,False,False,True,False,False,False,False,False,False,False,False,False,False,1,0.15739178100790252
665074,1.0,27,6.0,0,30,-1.0,0,2013.0,16.0,False,False,True,False,False,False,False,False,True,False,True,False,False,False,True,False,False,False,False,True,True,False,False,False,False,False,False,False,False,False,False,False,False,False,False,False,False,False,False,False,False,False,False,False,False,False,False,False,False,True,False,False,False,False,False,False,False,False,False,False,False,False,False,False,False,1,0.15721118867558367
595089,42.0,456,4.0,172,30,-1.0,0,2012.0,14.0,False,False,True,False,False,False,False,False,True,False,True,False,False,False,True,False,False,False,False,True,True,False,False,False,False,False,False,False,False,False,False,False,False,False,False,False,False,True,False,False,False,False,True,False,False,False,False,False,False,False,False,False,True,True,False,False,True,False,False,False,False,False,False,False,False,1,0.15713902067332372
437186,47.0,555,4.0,2182,30,6.0,0,2011.0,10.0,False,False,True,False,False,False,False,True,False,False,True,False,True,False,False,False,False,False,False,True,True,False,False,False,False,False,False,False,False,False,False,False,False,False,False,False,False,True,False,False,False,True,False,False,False,False,False,False,False,False,False,False,True,False,False,False,False,False,False,False,False,False,False,True,False,1,0.1547908963610996
630833,54.0,633,4.0,4006,40,6.0,0,2012.0,1.0,False,True,False,False,False,False,True,False,False,False,True,False,True,False,False,False,False,True,False,False,True,False,False,False,False,False,False,False,False,False,False,False,False,False,False,False,True,False,False,False,False,False,False,False,True,False,False,False,False,False,False,True,False,False,False,True,False,True,False,False,True,False,True,True,False,1,0.1538977998867391
16114,1.0,20,4.0,275,30,3.0,232,2009.0,16.0,False,False,True,False,False,True,False,False,False,False,True,False,False,True,False,False,False,False,False,True,True,False,False,False,False,False,False,False,False,False,False,False,False,False,False,False,True,False,False,False,False,False,False,False,True,False,False,False,False,False,False,True,False,False,False,False,False,False,False,False,False,False,False,False,False,1,0.15213180117773017
847219,20.0,309,6.0,0,30,3.0,1540,2014.0,19.0,False,False,True,False,False,False,True,False,False,False,True,False,True,False,False,False,False,True,False,False,False,False,False,False,False,False,False,True,False,False,False,False,True,False,False,False,False,True,False,False,False,False,False,False,False,False,False,True,False,False,False,False,False,False,False,False,False,True,False,True,True,False,True,True,False,1,0.15168662625644894
15581,48.0,570,4.0,500,30,4.0,521,2009.0,18.0,False,True,False,False,False,True,False,False,False,False,True,False,False,True,False,False,False,False,False,True,True,False,False,False,False,False,False,False,False,False,False,False,False,False,False,False,False,False,False,False,False,False,False,False,True,False,False,False,False,False,False,True,False,False,False,False,False,False,False,False,False,False,False,False,False,1,0.1503357617887865
16361,1.0,25,3.0,315,30,3.0,1540,2009.0,17.0,False,False,True,False,False,False,True,False,False,False,True,False,False,False,False,True,False,False,False,True,True,False,False,False,False,False,False,False,False,False,False,False,False,False,False,False,False,True,False,False,False,False,False,True,False,False,False,False,False,False,False,True,False,False,False,False,False,False,False,False,False,False,True,False,False,1,0.15017980321430566
202742,7.0,129,3.0,34,30,6.0,0,2010.0,13.0,False,False,True,False,False,False,True,False,False,False,True,False,False,False,False,True,False,False,False,True,True,False,False,False,False,False,False,False,False,False,False,False,False,False,False,False,False,False,True,False,False,False,False,False,False,False,False,False,False,False,True,False,False,False,False,False,False,False,False,False,False,False,True,False,False,1,0.1498637273985143
665047,1.0,13,3.0,112,30,6.0,0,2013.0,16.0,False,False,True,False,False,False,True,False,False,False,True,False,False,False,False,True,False,False,False,True,True,False,False,False,False,False,False,False,False,False,False,False,False,False,False,False,True,False,False,False,False,False,False,True,False,False,False,False,False,False,False,True,False,False,False,False,False,False,False,False,False,False,True,False,False,1,0.14936297369130663
607915,44.0,505,6.0,0,30,-1.0,0,2012.0,18.0,False,False,True,False,False,False,False,False,True,False,True,False,True,False,False,False,False,True,False,False,False,False,False,False,True,False,False,False,False,False,False,False,True,False,False,False,False,False,False,False,False,False,False,False,False,False,False,False,True,False,False,False,False,True,False,False,True,True,False,True,True,False,False,False,False,1,0.14866681440309484
16030,1.0,8,3.0,3,30,3.0,3,2009.0,14.0,False,True,False,False,False,False,True,False,False,False,True,False,False,False,True,False,False,False,False,True,True,False,False,False,False,False,False,False,False,False,False,False,False,False,False,False,False,False,True,False,False,False,False,False,False,False,False,False,False,False,True,False,False,False,False,False,False,False,False,False,False,False,True,False,False,1,0.14824709503292693
786852,97.0,938,3.0,73,30,4.0,1540,2013.0,16.0,False,False,True,False,False,False,True,False,False,False,True,False,True,False,False,False,False,False,False,True,True,False,False,False,False,False,False,False,False,False,False,False,False,False,False,False,True,False,False,True,False,False,False,False,False,False,False,False,False,False,False,True,False,False,False,False,False,False,False,False,False,False,True,True,False,1,0.1480105169685541
824065,6.0,100,6.0,0,30,6.0,0,2014.0,15.0,False,False,True,False,False,False,True,False,False,False,True,False,True,False,False,False,False,False,False,True,False,False,False,False,False,False,False,True,False,False,False,False,False,False,False,True,False,False,False,False,False,False,False,True,False,False,False,False,False,False,False,True,False,False,True,False,False,False,False,False,False,False,True,True,False,1,0.14795910348551183
886837,43.0,483,6.0,100,30,6.0,0,2014.0,9.0,False,False,True,False,False,False,True,False,False,False,True,False,True,False,False,False,False,False,False,True,True,False,False,False,False,False,False,False,False,False,False,False,True,False,False,False,False,False,True,False,False,True,False,False,False,False,False,False,False,False,False,False,True,False,False,False,False,False,False,True,True,False,True,True,False,1,0.14792929980271421
42848,10.0,150,3.0,1018,40,6.0,235,2009.0,20.0,False,False,False,False,False,False,True,False,False,False,True,False,False,False,False,True,False,False,False,True,True,False,False,False,False,False,False,False,False,True,False,False,False,False,False,False,True,False,False,False,False,True,False,False,False,False,False,False,False,False,False,False,True,False,False,False,False,False,False,True,True,False,True,False,False,1,0.14792237651762177
127512,47.0,559,6.0,0,30,6.0,0,2009.0,8.0,False,False,True,False,False,False,True,False,False,False,True,False,False,False,False,False,False,False,False,True,True,False,False,False,False,False,False,False,False,False,False,False,False,False,False,False,False,False,True,False,False,True,False,False,False,False,False,False,False,False,False,False,True,False,False,False,False,False,False,False,False,False,True,False,False,1,0.14722793183687188
752092,45.0,515,1.0,3,70,-1.0,0,2013.0,16.0,False,False,False,False,False,False,False,False,True,False,True,False,True,False,False,False,False,False,False,True,False,False,False,False,False,False,False,False,False,False,False,False,True,True,False,False,False,False,False,False,False,False,False,False,False,False,False,False,True,False,False,False,False,True,False,False,True,False,False,True,True,False,False,False,False,1,0.14712070575475772
235682,22.0,285,3.0,438,30,3.0,49,2010.0,13.0,False,False,True,False,False,True,False,False,False,False,True,False,False,False,False,True,False,False,False,True,True,False,False,False,False,False,False,False,False,False,False,False,False,False,False,False,False,False,False,False,False,False,False,False,False,True,False,False,False,False,True,False,False,False,False,False,False,False,False,False,False,False,False,False,False,1,0.1465973283839996
385874,21.0,257,4.0,5045,30,3.0,500,2011.0,11.0,False,False,True,False,False,False,False,True,False,False,True,False,True,False,False,False,False,False,False,True,True,False,False,False,False,False,False,False,False,False,False,False,False,True,False,False,False,False,False,False,False,False,False,False,False,False,False,False,True,False,False,False,False,False,False,False,False,False,False,False,False,False,False,True,False,1,0.14657746161998167
296531,53.0,620,5.0,377,30,6.0,1540,2010.0,17.0,False,False,True,False,False,False,True,False,False,False,True,False,True,False,False,False,False,False,False,True,True,False,False,False,False,False,False,False,False,False,False,False,False,True,False,False,False,False,False,False,False,True,False,False,False,False,False,False,False,False,False,False,True,False,False,False,False,False,False,False,False,False,True,True,False,1,0.14593002933761587
240067,30.0,328,6.0,0,30,-1.0,0,2010.0,1.0,True,False,False,False,False,False,False,False,True,False,True,False,True,False,False,False,False,True,False,False,True,False,False,False,False,False,False,False,False,False,True,False,False,False,True,False,False,False,False,False,False,False,True,False,False,False,False,False,False,False,False,False,True,False,True,True,False,True,False,True,True,False,False,True,False,1,0.1450453179473654
690255,11.0,161,3.0,67,30,-1.0,0,2013.0,8.0,False,False,True,False,False,False,False,False,True,False,True,False,True,False,False,False,False,False,False,True,True,False,False,False,False,False,False,False,False,False,False,False,False,False,False,False,False,False,False,False,False,False,False,False,False,False,True,False,False,False,True,False,False,False,False,False,False,False,False,False,False,False,False,True,False,1,0.14429845481723716
196028,5.0,91,6.0,0,30,3.0,580,2010.0,5.0,False,True,False,False,False,False,True,False,False,False,True,False,True,False,False,False,False,True,False,False,True,False,False,False,False,False,False,False,False,False,False,False,True,False,False,False,True,False,False,False,False,False,False,False,False,False,False,True,False,False,False,False,False,True,False,False,True,True,False,True,True,False,True,False,False,1,0.14418039163908378
179593,1.0,3,3.0,503,30,-1.0,0,2010.0,13.0,True,False,False,False,False,False,False,False,True,False,True,False,False,False,False,True,False,False,False,True,True,False,False,False,False,False,False,False,False,False,False,False,False,False,False,False,True,False,False,False,False,False,False,True,False,False,False,False,False,False,False,True,False,False,False,False,False,False,False,False,False,False,False,False,False,1,0.1430893623314855
180206,1.0,8,6.0,0,30,-1.0,0,2010.0,18.0,False,False,True,False,False,False,False,False,True,False,True,False,True,False,False,False,False,False,False,True,True,False,False,False,False,False,False,False,False,False,False,False,True,True,False,False,False,False,False,False,False,False,False,False,False,False,False,False,False,True,False,False,False,False,False,False,False,False,False,True,True,False,False,True,False,1,0.14282528797542424
423425,44.0,492,6.0,0,30,6.0,0,2011.0,16.0,False,False,True,False,False,False,True,False,False,False,True,False,True,False,False,False,False,False,False,True,True,False,False,False,False,False,False,False,False,False,False,False,False,False,False,False,False,True,False,False,False,True,False,False,False,False,False,False,False,False,False,False,True,False,False,False,False,False,False,False,False,False,True,True,False,1,0.13987692560770243
66672,20.0,300,3.0,4123,30,6.0,0,2009.0,19.0,False,False,False,False,False,False,True,False,False,False,True,False,True,False,False,False,False,False,False,True,False,False,False,False,True,False,False,False,False,False,False,False,True,False,True,False,False,False,False,False,False,False,False,False,True,False,False,False,False,False,False,True,False,False,True,False,False,False,False,True,True,False,True,True,False,1,0.13876133937522314
866895,33.0,363,5.0,6601,30,-1.0,0,2014.0,10.0,False,False,True,False,False,False,False,False,True,False,True,False,True,False,False,False,False,False,False,True,True,False,False,False,False,False,False,False,False,True,False,False,False,False,False,False,False,True,False,False,False,False,True,False,False,False,False,False,False,False,False,False,True,True,False,False,True,False,False,True,True,False,False,False,False,1,0.13608607904698572
869770,34.0,382,3.0,45,70,3.0,45,2014.0,21.0,False,True,False,False,False,False,True,False,False,False,True,False,True,False,False,False,False,True,False,False,False,False,True,False,False,False,False,False,False,False,False,False,True,False,True,False,False,False,False,True,False,False,False,False,False,False,False,False,False,False,False,True,False,True,True,False,True,True,False,True,True,False,True,False,False,1,0.13544403370996988
15472,1.0,3,3.0,503,30,-1.0,0,2009.0,21.0,False,False,True,False,False,False,False,False,True,False,True,False,True,False,False,False,False,True,False,False,True,False,False,False,False,False,False,False,False,False,False,False,False,True,False,False,False,False,False,False,False,False,False,False,False,False,False,False,False,True,False,False,False,False,False,False,False,True,False,False,True,False,False,True,False,1,0.13448020971689448
406806,36.0,401,3.0,47,70,5.0,429,2011.0,13.0,False,True,False,False,False,False,True,False,False,False,True,False,True,False,False,False,False,False,False,True,True,False,False,False,False,False,False,False,False,False,False,False,False,False,False,False,False,False,False,False,True,False,False,False,False,False,False,False,False,False,False,False,True,True,False,False,True,False,False,False,False,False,True,False,False,1,0.13406180940989598
129121,47.0,565,3.0,270,30,4.0,1540,2009.0,10.0,False,False,True,False,False,True,False,False,False,False,True,False,True,False,False,False,False,False,False,True,True,False,False,False,False,False,False,False,False,False,False,False,False,False,False,False,True,False,False,False,False,False,False,False,True,False,False,False,False,False,False,True,False,False,False,False,False,False,False,False,False,False,False,True,False,1,0.13343758913604237
759308,47.0,563,3.0,273,50,6.0,0,2013.0,16.0,False,False,False,False,True,False,True,False,False,False,True,False,True,False,False,False,False,False,False,True,False,False,False,False,True,False,False,False,False,False,False,False,True,False,False,False,False,False,True,False,False,False,False,False,True,False,False,False,False,False,False,True,False,True,False,False,True,False,False,True,True,False,True,False,False,1,0.13325166678040118
30398,5.0,93,6.0,0,30,6.0,0,2009.0,17.0,False,False,True,False,False,False,True,False,False,False,True,False,True,False,False,False,False,True,False,False,False,False,False,False,True,False,False,False,False,False,False,False,True,False,False,False,False,True,False,False,False,False,True,False,False,False,False,False,False,False,False,False,True,False,False,False,False,True,False,True,True,False,True,True,False,1,0.13310634227721732
246495,32.0,353,4.0,1395,30,-1.0,0,2010.0,11.0,False,False,True,False,False,False,False,False,True,False,True,False,True,False,False,False,False,False,False,True,False,False,True,False,False,False,False,False,False,False,False,False,True,False,False,False,False,False,True,True,False,False,False,False,False,False,False,False,False,False,False,True,False,True,False,False,True,False,False,True,True,False,False,False,False,1,0.13269683362605864
210090,12.0,182,5.0,167,60,-1.0,0,2010.0,13.0,False,False,True,False,False,False,False,False,True,False,True,False,True,False,False,False,False,False,False,True,True,False,False,False,False,False,False,False,False,False,True,False,False,False,False,False,True,False,False,False,False,False,True,False,False,False,False,False,False,False,False,False,True,True,False,False,True,False,False,True,True,False,False,False,True,1,0.13141277359606782
486428,1.0,2,3.0,400,30,3.0,501,2012.0,17.0,True,False,False,False,False,True,False,False,False,False,True,False,False,True,False,False,False,False,False,True,True,False,False,False,False,False,False,False,False,False,False,False,False,False,True,False,False,False,False,False,False,False,True,False,False,False,False,False,False,False,False,False,True,False,True,False,False,False,False,False,False,False,False,False,False,1,0.130900011137879
520572,1.0,2,3.0,400,30,3.0,501,2012.0,17.0,True,False,False,False,False,True,False,False,False,False,True,False,False,True,False,False,False,False,False,True,True,False,False,False,False,False,False,False,False,False,False,False,False,False,True,False,False,False,False,False,False,False,True,False,False,False,False,False,False,False,False,False,True,False,True,False,False,False,False,False,False,False,False,False,False,1,0.130900011137879
133071,50.0,581,4.0,3212,30,6.0,0,2009.0,18.0,False,False,True,False,False,True,False,False,False,False,True,False,True,False,False,False,False,False,False,True,True,False,False,False,False,False,False,False,False,False,False,False,False,False,False,False,True,False,False,True,False,False,False,False,False,False,False,False,False,False,False,True,False,False,False,False,False,False,False,False,False,False,False,True,False,1,0.12939391935735223
520574,1.0,26,6.0,0,30,6.0,0,2012.0,19.0,False,False,True,False,False,False,True,False,False,False,True,False,True,False,False,False,False,True,False,False,True,False,False,False,False,False,False,False,False,False,False,False,False,False,False,False,False,True,False,False,False,True,False,False,False,False,False,False,False,False,False,False,True,False,False,False,False,True,False,False,True,False,True,True,False,1,0.12733953276841994
486430,1.0,26,6.0,0,30,6.0,0,2012.0,19.0,False,False,True,False,False,False,True,False,False,False,True,False,True,False,False,False,False,True,False,False,True,False,False,False,False,False,False,False,False,False,False,False,False,False,False,False,False,True,False,False,False,True,False,False,False,False,False,False,False,False,False,False,True,False,False,False,False,True,False,False,True,False,True,True,False,1,0.12733953276841994
805638,1.0,5,3.0,1210,30,3.0,1210,2014.0,11.0,False,False,True,False,False,True,False,False,False,False,True,False,False,True,False,False,False,False,False,True,False,False,False,False,True,False,False,False,False,False,False,False,True,False,False,False,True,False,False,False,False,True,False,False,False,False,False,False,False,False,False,False,True,False,False,False,False,False,False,True,True,False,False,False,False,1,0.12590015516952865
5080,1.0,4,3.0,10,30,6.0,0,2009.0,18.0,False,False,True,False,False,False,True,False,False,False,True,False,False,False,True,False,False,True,False,False,False,False,False,False,True,False,False,False,False,False,False,False,True,False,False,True,False,False,False,False,False,True,False,False,False,False,False,False,False,False,False,False,True,False,True,False,False,True,False,True,True,False,True,False,False,1,0.12486220358555648
783242,95.0,921,6.0,0,60,-1.0,0,2013.0,20.0,False,False,True,False,False,False,False,False,True,False,True,False,True,False,False,False,False,False,False,False,True,False,False,False,False,False,False,False,False,True,False,False,False,True,False,False,False,False,False,False,False,False,False,False,False,False,False,True,False,False,False,False,False,True,False,False,True,True,False,True,True,True,False,False,True,1,0.12446566196821188
50245,12.0,189,6.0,0,30,6.0,0,2009.0,10.0,False,True,False,False,False,False,True,False,False,False,True,False,False,False,True,False,False,False,False,True,True,False,False,False,False,False,False,False,False,False,False,False,True,False,True,False,False,False,False,False,True,False,False,False,False,False,False,False,False,False,False,False,True,False,True,False,False,False,False,True,True,False,True,False,False,1,0.12443182103992932
279247,45.0,518,6.0,3662,30,6.0,0,2010.0,5.0,False,False,False,False,True,False,True,False,False,False,True,False,True,False,False,False,False,True,False,False,True,False,False,False,False,False,False,False,False,False,False,False,True,True,False,False,False,False,False,False,False,False,False,False,False,False,False,False,False,False,True,False,False,False,False,False,False,True,False,True,True,False,True,True,False,1,0.12420435716971732
294480,52.0,611,3.0,362,30,-1.0,0,2010.0,8.0,False,False,True,False,False,False,False,False,True,False,True,False,True,False,False,False,False,False,False,True,True,False,False,False,False,False,False,False,False,False,False,False,False,False,False,False,True,False,False,False,False,False,False,False,False,True,False,False,False,False,True,False,False,False,False,False,False,False,False,False,False,False,False,True,False,1,0.12419582529970688
369858,13.0,206,6.0,0,30,3.0,628,2011.0,16.0,False,False,True,False,False,False,True,False,False,True,False,False,False,False,False,True,False,False,False,True,True,False,False,False,False,False,False,False,False,False,False,False,True,True,False,False,False,False,False,False,False,False,False,False,False,False,False,False,True,False,False,False,False,True,False,False,True,False,False,True,True,False,True,False,False,1,0.12369243877060358
918369,55.0,643,6.0,0,30,4.0,1540,2014.0,21.0,False,False,True,False,False,False,True,False,False,False,True,False,False,False,True,False,False,True,False,False,True,False,False,False,False,False,False,False,False,False,False,False,True,False,False,False,False,False,False,False,False,False,False,False,False,False,False,False,True,False,False,False,False,False,False,False,False,True,False,True,True,False,True,False,False,1,0.12356474065803455
897620,45.0,511,5.0,93,30,6.0,0,2014.0,7.0,False,False,True,False,False,False,True,False,False,False,True,False,True,False,False,False,False,False,False,True,False,False,False,False,False,False,False,False,False,False,False,False,True,False,False,False,False,False,False,False,False,False,False,False,False,False,False,False,True,False,False,False,False,False,False,False,False,False,False,True,True,False,True,True,False,1,0.12298195116244791
595133,42.0,461,4.0,1441,40,-1.0,-1,2012.0,15.0,False,False,True,False,False,False,True,False,False,False,True,False,False,False,False,False,False,False,False,True,False,False,False,False,True,False,False,False,False,False,False,False,True,False,False,False,False,False,False,False,False,False,True,False,False,False,False,False,False,False,False,False,True,True,False,False,True,False,False,True,True,False,False,False,False,1,0.12269943256429777
595140,42.0,457,3.0,414,40,3.0,1184,2012.0,9.0,False,True,False,False,False,False,True,False,False,False,True,False,True,False,False,False,False,False,False,True,True,False,False,False,False,False,False,False,False,False,False,False,False,False,False,True,False,False,False,False,False,False,True,False,False,False,False,False,False,False,False,False,True,True,True,False,True,False,False,False,False,False,True,False,False,1,0.12188465966738515
856162,22.0,270,3.0,448,30,3.0,448,2014.0,15.0,False,False,True,False,False,False,True,False,False,False,True,False,False,False,False,True,False,False,False,True,False,False,False,False,True,False,False,False,False,False,False,False,True,True,False,False,False,False,False,True,False,False,False,False,False,False,False,False,False,False,False,True,False,False,False,False,False,False,False,True,True,False,True,False,False,1,0.12176655411332207
457858,62.0,744,6.0,0,30,-1.0,0,2011.0,18.0,False,False,False,False,True,False,False,False,True,False,True,False,True,False,False,False,True,False,False,False,True,False,False,False,False,False,False,False,False,False,False,False,False,False,False,False,False,False,False,False,True,False,False,False,False,False,False,False,False,False,False,False,True,False,False,False,False,True,False,False,True,False,False,True,False,1,0.1208224833247729
190807,4.0,84,3.0,570,70,3.0,570,2010.0,8.0,False,False,False,False,False,False,True,False,False,False,True,False,True,False,False,False,False,False,False,True,True,False,False,False,False,False,False,False,False,True,False,False,False,True,False,False,False,False,False,False,False,True,False,False,False,False,False,False,False,False,False,False,True,True,False,False,True,False,False,True,True,False,True,False,False,1,0.12058970120796503
823361,6.0,110,4.0,6174,30,6.0,0,2014.0,9.0,False,False,True,False,False,False,True,False,False,False,True,False,False,False,True,False,False,False,False,True,True,False,False,False,False,False,False,False,False,False,False,False,False,True,False,False,False,False,False,False,False,False,False,False,False,False,False,False,False,False,True,False,False,False,False,False,False,False,False,False,False,False,True,False,False,1,0.12039107672498052
343831,4.0,74,6.0,0,30,6.0,0,2011.0,18.0,False,False,True,False,False,False,True,False,False,False,True,False,True,False,False,False,False,True,False,False,True,False,False,False,False,False,False,False,False,False,False,False,False,False,False,False,False,False,True,False,False,False,False,False,False,False,False,False,True,False,False,False,False,False,False,False,False,True,False,False,True,False,True,True,False,1,0.11872823796595706
888284,43.0,470,6.0,7002,30,6.0,1540,2014.0,19.0,False,False,True,False,False,False,True,False,False,False,True,False,True,False,False,False,False,True,False,False,True,False,False,False,False,False,False,False,False,False,False,False,False,False,False,False,False,False,False,False,True,False,False,False,False,False,False,False,False,False,False,False,True,False,False,False,False,True,False,False,True,False,True,True,False,1,0.11786090346076712
15650,1.0,2,3.0,503,30,-1.0,0,2009.0,13.0,False,False,True,False,False,False,False,False,True,False,True,False,False,False,False,True,False,False,False,True,True,False,False,False,False,False,False,False,False,False,False,False,False,False,False,False,False,False,False,False,False,False,False,False,False,False,False,False,True,False,False,False,False,False,False,False,False,False,False,False,False,False,False,False,False,1,0.11606728886132159
739937,43.0,477,4.0,470,40,6.0,953,2013.0,19.0,False,False,True,False,False,False,True,False,False,False,True,False,True,False,False,False,False,True,False,False,False,False,False,True,False,False,False,False,False,True,False,False,False,False,False,False,False,False,True,False,True,False,False,False,False,False,False,False,False,False,False,False,True,True,False,False,True,True,True,True,True,False,True,False,False,1,0.11497767082675639
230245,20.0,300,3.0,41,30,4.0,1540,2010.0,21.0,False,False,True,False,False,True,False,False,False,False,True,False,True,False,False,False,False,True,False,False,True,False,False,False,False,False,False,False,False,False,False,False,False,False,False,False,False,False,False,False,False,False,False,False,False,False,False,False,False,False,True,False,False,False,False,False,False,True,False,False,True,False,False,True,False,1,0.11288707330908193
665011,1.0,20,3.0,212,30,6.0,0,2013.0,19.0,False,False,True,False,False,False,True,False,False,False,True,False,False,False,False,False,False,False,False,True,False,False,False,False,True,False,False,False,False,False,False,False,True,False,False,False,True,False,False,False,False,False,False,False,False,True,False,False,False,False,True,False,False,False,False,False,False,False,False,True,True,False,True,False,False,1,0.11051937406117497
646665,97.0,935,4.0,789,30,6.0,0,2012.0,12.0,False,False,False,False,False,False,True,False,False,False,True,False,True,False,False,False,False,False,False,True,True,False,False,False,False,False,False,False,False,False,False,False,False,False,False,False,True,False,False,False,False,False,True,False,False,False,False,False,False,False,False,False,True,False,False,False,False,False,False,False,False,False,True,True,False,1,0.11017489039323355
355363,6.0,104,5.0,0,30,6.0,0,2011.0,18.0,False,False,True,False,False,False,True,False,False,False,True,False,True,False,False,False,False,False,False,True,False,False,False,False,True,False,False,False,False,False,False,False,True,False,False,False,True,False,False,False,False,False,False,False,True,False,False,False,False,False,False,True,False,False,False,False,False,False,False,True,True,False,True,True,False,1,0.10938122662585599
620042,47.0,557,3.0,259,30,6.0,0,2012.0,21.0,False,False,True,False,False,True,False,False,False,False,True,False,True,False,False,False,False,True,False,False,True,False,False,False,False,False,False,False,False,False,False,False,False,False,False,False,False,False,False,True,False,False,False,False,False,False,False,False,False,False,False,True,False,False,False,False,False,True,False,False,True,False,False,True,False,1,0.10753368195713582
103475,42.0,460,3.0,13,40,-1.0,-1,2009.0,11.0,False,False,False,False,True,False,True,False,False,False,True,False,True,False,False,False,False,False,False,True,True,False,False,False,False,False,False,False,False,False,False,False,False,False,False,False,False,False,True,False,False,True,False,False,False,False,False,False,False,False,False,False,True,False,False,False,False,False,False,False,False,False,False,True,False,1,0.10724904620633446
665043,1.0,2,3.0,40,30,-1.0,0,2013.0,9.0,False,False,True,False,False,False,False,False,True,False,True,False,False,True,False,False,False,False,False,True,True,False,False,False,False,False,False,False,False,False,False,False,False,True,False,False,False,False,False,False,False,False,False,True,False,False,False,False,False,False,False,True,False,False,False,False,False,False,False,False,False,False,False,False,False,1,0.10699198160416891
467899,97.0,932,6.0,0,30,-1.0,0,2011.0,16.0,False,False,True,False,False,False,False,False,True,False,True,False,True,False,False,False,False,False,False,False,False,False,True,False,False,False,False,False,False,True,False,False,False,False,False,False,True,False,False,False,True,False,False,False,False,False,False,False,False,False,False,False,True,True,False,False,True,True,False,True,True,True,False,False,False,1,0.10179057340647454
47804,11.0,161,5.0,55,30,5.0,46,2009.0,8.0,False,False,True,False,False,False,True,False,False,False,True,False,False,False,False,False,False,False,False,True,True,False,False,False,False,False,False,False,False,False,False,False,True,False,False,False,False,False,True,False,False,False,False,False,False,False,False,True,False,False,False,False,False,False,False,False,False,False,False,True,True,False,True,False,False,1,0.10023467209982484
620103,47.0,562,3.0,29,30,3.0,283,2012.0,7.0,False,True,False,False,False,False,True,False,False,False,True,False,True,False,False,False,False,False,False,True,True,False,False,False,False,False,False,False,False,False,False,False,False,False,False,False,True,False,False,True,False,False,False,False,False,False,False,False,False,False,False,True,False,True,False,False,True,False,False,False,False,False,True,False,False,1,0.09880003374759662
15828,1.0,4,6.0,0,30,3.0,1540,2009.0,1.0,False,False,True,False,False,False,True,False,False,False,True,False,False,False,False,True,False,True,False,False,True,False,False,False,False,False,False,False,False,False,False,False,False,False,True,False,False,False,False,False,False,False,False,True,False,False,False,False,False,False,False,True,False,False,True,True,False,True,False,False,True,False,True,False,False,1,0.09835006389457289
869817,34.0,384,3.0,5095,30,6.0,1540,2014.0,5.0,False,False,True,False,False,False,True,False,False,False,True,False,True,False,False,False,False,False,True,False,True,False,False,False,False,False,False,False,False,False,False,False,True,False,False,False,False,True,False,False,False,True,False,False,False,False,False,False,False,False,False,False,True,False,False,False,False,True,False,True,True,False,True,True,False,1,0.0981443841762948
805651,1.0,21,3.0,237,30,5.0,0,2014.0,16.0,False,False,True,False,False,False,True,False,False,False,True,False,True,False,False,False,False,False,False,True,True,False,False,False,False,False,False,False,False,False,False,False,False,False,False,False,False,False,True,False,False,False,False,False,False,False,False,False,False,False,True,False,False,False,False,False,False,False,False,False,False,False,True,True,False,1,0.09546735814209595
317033,97.0,938,4.0,768,30,6.0,0,2010.0,14.0,False,False,True,False,False,True,False,False,False,False,True,False,False,True,False,False,False,False,False,True,True,False,False,False,False,False,False,False,False,False,False,False,True,False,False,False,False,False,False,False,False,False,False,False,False,False,True,False,False,False,True,False,False,False,False,False,False,False,False,True,True,False,False,False,False,1,0.09216471223486171
244288,31.0,346,3.0,609,30,3.0,610,2010.0,7.0,False,True,False,False,False,True,False,False,False,False,True,False,False,True,False,False,False,False,False,True,True,False,False,False,False,False,False,False,False,False,False,False,False,False,False,False,False,True,False,True,False,False,False,False,False,False,False,False,False,False,False,True,False,False,False,False,False,False,False,False,False,False,False,False,False,1,0.09212056091426364
834459,12.0,189,6.0,6710,30,5.0,291,2014.0,17.0,False,False,True,False,False,False,True,False,False,False,True,False,True,False,False,False,False,False,False,True,True,False,False,False,False,False,False,False,False,False,False,False,False,False,False,False,True,False,False,True,False,False,False,False,False,False,False,False,False,False,False,True,False,True,False,False,True,False,False,False,False,False,True,False,False,1,0.09041361562952789
446975,52.0,601,3.0,37,30,3.0,4,2011.0,13.0,False,False,True,False,False,True,False,False,False,False,True,False,False,True,False,False,False,False,False,True,True,False,False,False,False,False,False,False,False,False,False,False,False,False,False,False,False,False,False,False,False,False,False,False,False,False,True,False,False,False,True,False,False,False,False,False,False,False,False,False,False,False,False,False,False,1,0.09026803098906554
743892,43.0,472,3.0,33,40,1.0,4,2013.0,11.0,False,True,False,False,False,True,False,False,False,False,True,False,True,False,False,False,False,False,True,False,True,False,False,False,False,False,False,False,False,False,False,False,False,False,False,True,False,False,False,False,False,False,False,False,False,False,True,False,False,False,True,False,False,True,True,False,True,True,False,False,True,False,False,False,False,1,0.09017068452379426
104805,42.0,461,6.0,0,20,6.0,0,2009.0,13.0,True,False,False,False,False,False,True,False,False,False,True,False,True,False,False,False,False,False,False,True,True,False,False,False,False,False,False,False,False,False,False,False,False,False,False,False,False,False,True,False,False,False,False,False,True,False,False,False,False,False,False,True,False,False,False,False,False,False,False,False,False,False,True,True,False,1,0.08989596820148056
574649,30.0,321,4.0,6042,30,-1.0,0,2012.0,16.0,False,False,True,False,False,False,False,False,True,False,True,False,True,False,False,False,False,False,False,True,False,False,False,False,True,False,False,False,False,False,False,False,True,True,False,False,False,False,False,False,False,False,False,False,False,False,False,False,False,True,False,False,False,True,False,False,True,False,False,True,True,False,False,False,False,1,0.08757404870779066
665014,1.0,9,6.0,0,30,3.0,23,2013.0,21.0,False,False,True,False,False,False,True,False,False,False,True,False,True,False,False,False,False,True,False,False,True,False,False,False,False,False,False,False,False,False,False,False,False,False,True,False,False,False,False,False,False,False,False,False,False,True,False,False,False,False,True,False,False,False,True,False,False,True,False,False,True,False,True,True,False,1,0.08702834834842907
770970,54.0,635,3.0,4,30,3.0,4,2013.0,10.0,False,True,False,False,False,True,False,False,False,False,True,False,False,True,False,False,False,False,False,True,True,False,False,False,False,False,False,False,False,False,False,False,True,False,True,False,False,False,False,False,False,False,False,False,False,False,False,True,False,False,False,False,False,False,True,False,False,False,False,True,True,False,False,False,False,1,0.08399082961535324
587432,36.0,407,6.0,0,30,6.0,0,2012.0,17.0,False,True,False,False,False,False,True,False,False,False,True,False,True,False,False,False,False,True,False,False,True,False,False,False,False,False,False,False,False,False,False,False,True,False,False,False,False,False,True,False,False,True,False,False,False,False,False,False,False,False,False,False,True,False,False,False,False,True,False,True,True,False,True,True,False,1,0.08259997019959228
434532,46.0,544,3.0,2,30,6.0,0,2011.0,21.0,False,True,False,False,False,False,True,False,False,False,True,False,True,False,False,False,False,True,False,False,True,False,False,False,False,False,False,False,False,False,False,False,False,False,False,False,False,False,True,False,False,False,False,True,False,False,False,False,False,False,False,True,False,False,False,False,False,True,False,False,True,False,True,True,False,1,0.08257153376532854
15786,1.0,16,3.0,124,30,6.0,0,2009.0,20.0,False,False,True,False,False,False,True,False,False,False,True,False,False,False,False,True,False,False,False,True,True,False,False,False,False,False,False,False,False,False,False,False,False,False,False,False,False,False,False,False,False,False,False,False,False,False,True,False,False,False,True,False,False,False,False,False,False,False,False,False,False,False,True,False,False,1,0.08205602326644106
805679,1.0,6,6.0,0,30,6.0,0,2014.0,11.0,False,True,False,False,False,False,True,False,False,False,True,False,True,False,False,False,False,False,False,True,True,False,False,False,False,False,False,False,False,False,False,False,False,False,False,False,True,False,False,False,False,False,False,False,True,False,False,False,False,False,False,True,False,False,False,False,False,False,False,False,False,False,True,True,False,1,0.08080138824619996
563557,20.0,306,3.0,452,60,4.0,1540,2012.0,13.0,False,True,False,False,False,False,True,False,False,False,True,False,True,False,False,False,False,False,False,True,True,False,False,False,False,False,False,False,False,False,False,False,False,True,False,False,False,False,False,False,False,False,False,False,False,True,False,False,False,False,True,False,False,True,False,False,True,False,False,False,False,False,True,False,False,1,0.08011477288712708
674117,4.0,76,5.0,476,20,6.0,0,2013.0,17.0,False,False,True,False,False,False,True,False,False,False,True,False,True,False,False,False,False,False,False,True,False,False,False,True,False,False,False,False,False,False,False,False,True,False,False,False,False,False,True,False,False,True,False,False,False,False,False,False,False,False,False,False,True,False,False,False,False,False,True,True,True,False,True,True,False,1,0.07992131350190718
486434,1.0,8,4.0,215,30,4.0,216,2012.0,20.0,False,False,True,False,False,False,True,False,False,False,True,False,True,False,False,False,False,True,False,False,True,False,False,False,False,False,False,False,False,False,False,False,False,False,False,False,False,True,False,False,False,True,False,False,False,False,False,False,False,False,False,False,True,False,False,False,False,True,False,False,True,False,True,True,False,1,0.0792477297240498
520578,1.0,8,4.0,215,30,4.0,216,2012.0,20.0,False,False,True,False,False,False,True,False,False,False,True,False,True,False,False,False,False,True,False,False,True,False,False,False,False,False,False,False,False,False,False,False,False,False,False,False,False,True,False,False,False,True,False,False,False,False,False,False,False,False,False,False,True,False,False,False,False,True,False,False,True,False,True,True,False,1,0.0792477297240498
805680,1.0,16,3.0,1112,30,6.0,0,2014.0,8.0,False,False,True,False,False,False,True,False,False,False,True,False,True,False,False,False,False,False,False,True,True,False,False,False,False,False,False,False,False,False,False,False,False,False,False,False,False,False,True,False,False,False,False,False,True,False,False,False,False,False,False,True,False,False,False,False,False,False,False,False,False,False,True,True,False,1,0.07796509903561634
884732,43.0,480,3.0,40,30,6.0,1540,2014.0,10.0,False,False,True,False,False,False,True,False,False,True,False,False,True,False,False,False,False,False,False,True,True,False,False,False,False,False,False,False,False,False,False,False,False,False,False,False,False,False,True,False,False,False,False,False,False,False,False,False,False,False,True,False,False,False,False,False,False,False,False,False,False,False,True,True,False,1,0.0774484438453566
335705,1.0,2,3.0,401,30,6.0,0,2011.0,14.0,False,False,True,False,False,False,True,False,False,False,True,False,False,False,False,True,False,False,False,True,True,False,False,False,False,False,False,False,False,False,False,False,False,False,False,False,False,False,True,False,False,False,False,False,False,False,False,False,False,True,False,False,False,False,False,False,False,False,False,False,False,False,True,False,False,1,0.077240726673211
29999,5.0,95,3.0,41,40,4.0,1540,2009.0,8.0,False,False,True,False,False,True,False,False,False,False,True,False,False,True,False,False,False,False,False,True,True,False,False,False,False,False,False,False,False,False,False,False,False,False,True,False,False,False,False,False,False,False,False,False,False,False,True,False,False,False,True,False,False,True,True,False,True,False,False,False,False,False,False,False,False,1,0.07692352132642946
364842,12.0,186,6.0,745,30,6.0,746,2011.0,10.0,True,False,False,False,False,False,True,False,False,False,True,False,True,False,False,False,False,False,False,True,False,False,False,False,True,False,False,False,False,False,False,False,True,False,True,False,False,False,False,True,False,False,False,False,False,False,False,False,False,False,False,True,False,False,True,False,False,False,False,True,True,False,True,True,False,1,0.0709425296875673
148022,62.0,741,3.0,4054,30,-1.0,0,2009.0,18.0,False,False,True,False,False,False,False,False,True,False,True,False,False,False,True,False,False,True,False,False,False,False,False,False,True,False,False,False,False,False,False,False,True,False,True,False,False,False,False,False,False,False,False,False,False,True,False,False,False,False,True,False,False,False,True,False,False,True,False,True,True,False,False,False,False,1,0.0707706944011498
56690,14.0,211,3.0,635,40,5.0,309,2009.0,16.0,False,False,True,False,False,False,True,False,False,False,True,False,True,False,False,False,False,True,False,False,True,False,False,False,False,False,False,False,False,True,False,False,False,False,False,False,True,False,False,False,False,False,True,False,False,False,False,False,False,False,False,False,True,True,False,False,True,True,False,True,True,False,True,False,False,1,0.07074258371809423
601580,43.0,481,3.0,44,50,6.0,0,2012.0,12.0,False,False,False,False,False,True,False,False,False,False,True,False,True,False,False,False,False,False,False,True,True,False,False,False,False,False,False,False,False,False,False,False,False,True,False,False,False,False,False,False,False,False,False,False,False,True,False,False,False,False,True,False,False,False,False,False,False,False,False,False,False,False,False,True,False,1,0.06988979256200287
466639,97.0,935,6.0,0,30,-1.0,0,2011.0,17.0,False,False,False,False,False,False,False,False,True,False,True,False,False,True,False,False,False,True,False,False,False,False,False,True,False,False,False,False,False,False,False,False,True,False,False,False,True,False,False,False,False,False,False,False,False,False,False,True,False,False,False,False,False,False,False,False,False,True,True,True,True,False,False,False,False,1,0.06868482720847655
574712,30.0,320,4.0,6013,30,6.0,0,2012.0,17.0,False,False,True,False,False,False,True,False,False,False,True,False,True,False,False,False,False,False,False,True,False,False,True,False,False,False,False,False,False,False,False,False,False,False,False,False,False,True,False,False,False,False,False,False,False,False,False,False,True,False,False,False,False,False,False,False,False,False,False,False,False,False,True,True,False,1,0.06483080149125431
786165,97.0,932,3.0,8010,30,6.0,0,2013.0,10.0,False,False,True,False,False,False,True,False,False,False,True,False,True,False,False,False,False,False,False,True,True,False,False,False,False,False,False,False,False,False,False,False,False,False,True,False,False,False,False,False,False,False,False,False,False,False,False,False,True,False,False,False,False,False,True,False,False,False,False,False,False,False,True,True,False,1,0.06281384901101443
486491,1.0,2,3.0,5,30,6.0,0,2012.0,9.0,False,False,True,False,False,False,True,False,False,False,True,False,True,False,False,False,False,False,False,True,True,False,False,False,False,False,False,False,False,False,False,False,False,False,False,False,False,False,True,False,False,False,False,True,False,False,False,False,False,False,False,True,False,False,False,False,False,False,False,False,False,False,True,True,False,1,0.06168260219649773
520635,1.0,2,3.0,5,30,6.0,0,2012.0,9.0,False,False,True,False,False,False,True,False,False,False,True,False,True,False,False,False,False,False,False,True,True,False,False,False,False,False,False,False,False,False,False,False,False,False,False,False,False,False,True,False,False,False,False,True,False,False,False,False,False,False,False,True,False,False,False,False,False,False,False,False,False,False,True,True,False,1,0.06168260219649773
805748,1.0,3,5.0,0,30,6.0,0,2014.0,19.0,False,False,True,False,False,False,True,False,False,False,True,False,True,False,False,False,False,True,False,False,True,False,False,False,False,False,False,False,False,False,False,False,False,False,False,False,False,False,False,False,True,False,False,False,False,False,False,False,False,False,False,False,True,False,False,False,False,True,False,False,True,False,True,True,False,1,0.06102008115304765
425847,44.0,501,1.0,271,60,3.0,1540,2011.0,20.0,False,True,False,False,False,False,True,False,False,False,True,False,True,False,False,False,False,False,True,False,True,False,False,False,False,False,False,False,False,False,False,False,False,False,True,False,False,False,False,True,False,False,False,False,False,False,False,False,False,False,False,True,False,True,True,False,True,True,False,False,True,False,True,False,False,1,0.05808775004520895
741904,43.0,482,6.0,320,20,6.0,0,2013.0,14.0,False,False,True,False,False,False,True,False,False,False,True,False,True,False,False,False,False,False,False,True,True,False,False,False,False,False,False,False,False,False,False,False,False,False,False,False,False,False,False,False,False,False,False,False,False,True,False,False,False,False,True,False,False,False,False,False,False,False,False,False,False,False,True,True,False,1,0.05804098372419427
675202,4.0,83,6.0,0,30,4.0,1540,2013.0,14.0,False,True,False,False,False,False,True,False,False,False,True,False,True,False,False,False,False,False,False,True,True,False,False,False,False,False,False,False,False,False,False,False,False,False,False,False,False,True,False,False,False,True,False,False,False,False,False,False,False,False,False,False,True,False,False,False,False,False,False,False,False,False,True,True,False,1,0.057134243819963654
676412,4.0,80,6.0,0,30,6.0,0,2013.0,12.0,False,False,True,False,False,False,False,True,False,False,True,False,False,False,True,False,False,False,False,True,True,False,False,False,False,False,False,False,False,False,False,False,False,False,False,False,False,False,False,False,False,False,False,False,False,False,True,False,False,False,True,False,False,False,False,False,False,False,False,False,False,False,False,False,False,1,0.05469571002409928
664995,1.0,13,3.0,106,30,3.0,106,2013.0,6.0,False,False,True,False,False,False,True,False,False,False,True,False,True,False,False,False,False,False,False,True,True,False,False,False,False,False,False,False,False,True,False,False,False,False,True,False,False,False,False,False,False,True,False,False,False,False,False,False,False,False,False,False,True,False,True,False,False,False,False,True,True,False,True,True,False,1,0.05403553950247893
180501,1.0,4,3.0,106,30,5.0,0,2010.0,8.0,False,True,False,False,False,False,True,False,False,False,True,False,False,False,True,False,False,False,False,True,True,False,False,False,False,False,False,False,False,False,False,False,False,False,False,False,False,False,True,False,False,False,False,False,False,True,False,False,False,False,True,False,False,False,False,False,False,False,False,False,False,False,True,False,False,1,0.053838199863433515
162363,97.0,938,3.0,743,30,4.0,1540,2009.0,15.0,False,False,False,False,False,True,False,False,False,False,True,False,False,True,False,False,False,False,False,True,True,False,False,False,False,False,False,False,False,False,False,False,False,False,False,False,True,False,False,False,False,False,False,False,False,False,True,False,False,False,True,False,False,True,False,False,True,False,False,False,False,False,False,False,False,1,0.052433617807030077
112071,43.0,475,1.0,4,70,-1.0,0,2009.0,16.0,False,False,False,True,False,False,False,False,True,False,True,False,True,False,False,False,False,True,False,False,False,False,True,False,False,False,False,False,False,True,False,False,False,False,False,False,False,True,False,False,False,False,True,False,False,False,False,False,False,False,False,False,True,True,False,False,True,True,False,True,True,False,False,False,False,1,0.049711861193928536
147326,61.0,731,3.0,467,50,4.0,1540,2009.0,17.0,False,False,True,False,False,False,True,False,False,False,True,False,True,False,False,False,False,True,False,False,False,False,True,False,False,False,False,False,False,False,False,False,True,False,False,False,False,False,True,False,False,False,False,False,False,False,False,True,False,False,False,False,False,False,False,False,False,True,False,True,True,False,True,True,False,1,0.04588924013628299
306233,63.0,751,3.0,48,70,1.0,4,2010.0,10.0,False,True,False,False,False,False,True,False,False,False,True,False,True,False,False,False,False,True,False,False,False,False,False,False,False,False,False,True,False,True,False,False,False,False,False,True,False,False,False,False,False,False,True,False,False,False,False,False,False,False,False,False,True,True,True,False,True,True,False,True,True,False,True,False,False,1,0.04436822265084874
520575,1.0,8,5.0,0,30,3.0,1540,2012.0,9.0,False,False,True,False,False,False,True,False,False,False,True,False,True,False,False,False,False,False,False,True,True,False,False,False,False,False,False,False,False,False,False,False,False,False,False,False,False,False,True,False,False,True,False,False,False,False,False,False,False,False,False,False,True,False,False,False,False,False,False,False,False,False,True,True,False,1,0.04244520805722769
486431,1.0,8,5.0,0,30,3.0,1540,2012.0,9.0,False,False,True,False,False,False,True,False,False,False,True,False,True,False,False,False,False,False,False,True,True,False,False,False,False,False,False,False,False,False,False,False,False,False,False,False,False,False,True,False,False,True,False,False,False,False,False,False,False,False,False,False,True,False,False,False,False,False,False,False,False,False,True,True,False,1,0.04244520805722769
454641,61.0,732,4.0,4246,40,6.0,0,2011.0,17.0,False,False,True,False,False,False,True,False,False,False,True,False,True,False,False,False,False,False,False,True,False,False,True,False,False,False,False,False,False,False,True,False,False,False,False,False,False,False,False,False,False,False,True,False,False,False,False,False,False,False,False,False,True,True,False,False,True,False,False,True,True,False,True,False,False,1,0.03082810290445194
665019,1.0,3,6.0,0,30,3.0,503,2013.0,16.0,False,False,True,False,False,False,True,False,False,False,True,False,True,False,False,False,False,False,False,True,True,False,False,False,False,False,False,False,False,False,False,False,False,False,False,False,False,False,True,False,False,False,False,False,False,False,True,False,False,False,True,False,False,False,False,False,False,False,False,False,False,False,True,True,False,1,0.028478648203349995
608763,44.0,495,6.0,0,30,6.0,0,2012.0,15.0,False,False,True,False,False,False,True,False,False,True,False,False,True,False,False,False,False,False,False,True,True,False,False,False,False,False,False,False,False,False,False,False,False,False,False,False,False,False,True,False,True,False,False,False,False,False,False,False,False,False,False,False,True,False,False,False,False,False,False,False,False,False,True,True,False,1,0.027682254561055355
805655,1.0,26,6.0,0,30,3.0,408,2014.0,16.0,False,True,False,False,False,False,True,False,False,False,True,False,True,False,False,False,False,False,False,True,True,False,False,False,False,False,False,False,False,False,False,False,False,False,False,False,True,False,False,False,False,False,False,False,False,False,False,False,False,False,True,False,False,False,False,False,False,False,False,False,False,False,True,True,False,1,0.02517951746546443
28109,4.0,70,6.0,0,30,6.0,0,2009.0,17.0,False,False,True,False,False,False,True,False,False,False,True,False,True,False,False,False,False,True,False,False,False,False,True,False,False,False,False,False,False,False,False,False,False,False,False,False,False,False,False,False,False,True,False,False,False,False,False,False,False,False,False,False,True,False,False,False,False,True,False,False,True,False,True,True,False,1,0.024147224454078856
179679,1.0,27,3.0,406,30,3.0,1540,2010.0,6.0,False,False,False,False,False,True,False,False,False,False,True,False,False,True,False,False,False,True,False,False,False,False,True,False,False,False,False,False,False,False,False,False,True,False,False,True,False,False,False,False,False,False,False,False,False,False,False,False,True,False,False,False,False,False,True,False,False,True,False,True,True,False,False,False,False,1,0.01956961664396581
681987,6.0,100,3.0,666,30,3.0,579,2013.0,9.0,False,False,False,True,False,True,False,False,False,False,True,False,True,False,False,False,False,False,False,True,True,False,False,False,False,False,False,False,False,False,False,False,False,False,False,False,True,False,False,False,False,False,False,False,False,False,False,False,False,True,False,False,False,False,False,False,False,False,False,False,False,False,False,True,False,1,0.010933719273898598
602308,43.0,473,6.0,7302,30,6.0,1540,2012.0,17.0,False,False,True,False,False,False,True,False,False,False,True,False,True,False,False,False,False,True,False,False,False,False,True,False,False,False,False,False,False,False,False,False,True,False,False,False,False,False,False,False,False,False,False,False,False,False,False,True,False,False,False,False,False,False,False,False,False,True,False,True,True,False,True,True,False,1,0.005444247709616346
